{
  "epoch": [
    1,
    2,
    3,
    4,
    5,
    6,
    7,
    8,
    9,
    10,
    11,
    12,
    13,
    14,
    15,
    16,
    17,
    18
  ],
  "lr": [
    4.4e-06,
    8.300000000000002e-06,
    1.22e-05,
    1.6100000000000002e-05,
    2e-05,
    1.9976249490033288e-05,
    1.9905113670230313e-05,
    1.9786939107154606e-05,
    1.9622301535398612e-05,
    1.9412003052662608e-05,
    1.9157068212015358e-05,
    1.885873903037454e-05,
    1.8518468937525155e-05,
    1.8137915695155737e-05,
    1.7718933320410037e-05,
    1.726356305330185e-05,
    1.677402341199887e-05,
    1.625269938442517e-05
  ],
  "train_loss": [
    0.18215987822588753,
    0.17524353931931888,
    0.17183087590862722,
    0.16677796174498166,
    0.16457508241429047,
    0.15808198837672963,
    0.1521540458588039,
    0.14307179398396436,
    0.1453004268162391,
    0.13726155766669443,
    0.1291599188657368,
    0.12206798936514293,
    0.11132209016119733,
    0.11115159563281957,
    0.09802778069587315,
    0.09766476487412172,
    0.08692163825035096,
    0.09119741701904466
  ],
  "val_loss": [
    0.14970019637217483,
    0.1499693064313186,
    0.1430337993722213,
    0.13746677434015142,
    0.13918171971623586,
    0.12406762344685288,
    0.11604573158676275,
    0.10113566721740522,
    0.12057757926614661,
    0.10978246502929116,
    0.11092120087047694,
    0.11374002666189399,
    0.10870999630303264,
    0.10547440534153144,
    0.10855951339749419,
    0.10767772541977362,
    0.11298674332633243,
    0.11493029932483742
  ],
  "train_macro_f1": [
    0.5016807317733765,
    0.5512220859527588,
    0.5816066265106201,
    0.5932449102401733,
    0.6336896419525146,
    0.6550110578536987,
    0.6833605766296387,
    0.7227507829666138,
    0.7092404961585999,
    0.7214800119400024,
    0.7580850124359131,
    0.7794117331504822,
    0.8130893707275391,
    0.8132349252700806,
    0.8345580101013184,
    0.8441122770309448,
    0.8664611577987671,
    0.847037672996521
  ],
  "val_macro_f1": [
    0.49753808975219727,
    0.5222811698913574,
    0.5379918217658997,
    0.5199569463729858,
    0.5063461661338806,
    0.48831865191459656,
    0.49523812532424927,
    0.48428571224212646,
    0.49671703577041626,
    0.4910372495651245,
    0.5112634897232056,
    0.5164347887039185,
    0.5273917317390442,
    0.5178138017654419,
    0.5217621326446533,
    0.5236070156097412,
    0.5256808400154114,
    0.5332415699958801
  ],
  "val_tail_recall": [
    0.21052631735801697,
    0.2368421107530594,
    0.21052631735801697,
    0.1315789520740509,
    0.1315789520740509,
    0.05263157933950424,
    0.05263157933950424,
    0.02631578966975212,
    0.07894736528396606,
    0.05263157933950424,
    0.10526315867900848,
    0.1315789520740509,
    0.10526315867900848,
    0.07894736528396606,
    0.10526315867900848,
    0.10526315867900848,
    0.15789473056793213,
    0.15789473056793213
  ],
  "val_tail_f1": [
    0.14678898453712463,
    0.1782178282737732,
    0.1860465109348297,
    0.13698630034923553,
    0.12345679104328156,
    0.06451611965894699,
    0.07017543911933899,
    0.03999999910593033,
    0.0882352888584137,
    0.06666665524244308,
    0.11594201624393463,
    0.13333332538604736,
    0.13333332538604736,
    0.1090909093618393,
    0.1269841343164444,
    0.12903225421905518,
    0.1538461595773697,
    0.1621621549129486
  ],
  "train_val_gap": [
    0.004142642021179199,
    0.028940916061401367,
    0.04361480474472046,
    0.0732879638671875,
    0.12734347581863403,
    0.16669240593910217,
    0.1881224513053894,
    0.2384650707244873,
    0.2125234603881836,
    0.23044276237487793,
    0.24682152271270752,
    0.2629769444465637,
    0.2856976389884949,
    0.29542112350463867,
    0.31279587745666504,
    0.3205052614212036,
    0.3407803177833557,
    0.31379610300064087
  ]
}